15FmQAdPrGkm2ouoUXu56zeoRVVpk4W6zY,btc,exchange,yobit.net;vce4
3PjVn6PBEP9XHqQR82mfUyMjhWxiKMVjFK,btc,exchange,cex.io;VirtualCurrencyExchange3
bc1q0vp48j7lzqkeu65hfy43tmltqt2uqgwfgleetw,btc,exchange,kucoin;vce2
39Rqvg7HELpm6TGZbiwvQHHvxYJC6QHAvq,btc,exchange,paxful;vce7
38i25Sfpf8KiLGLxNqxtU2c7KYiY3pECH7,btc,exchange,localbitcoins;vce8
34pqfA5XsLXan6QxLJR6rPcUxPQqJwCpRe,btc,exchange,localbitcoins;vce8
37p3PS1hKqzYhiVswbqN6nxbwyUoTZvf1E,btc,exchange,coinbase;VirtualCurrencyExchange1
14cQRmViAzVKa277gZznByGZtnrVPQc8Lr,btc,exchange,bittrex;VirtualCurrencyExchange11
12cgpFdJViXbwHbhrA3TuW1EGnL25Zqc3P,btc,exchange,poloniex;VirtualCurrencyExchange9
13EELtmDvn56ySeNoHYcYfvpM3aYBMGQDo,btc,exchange,binance;VirtualCurrencyExchange2;VirtualCurrencyExchangeA
1H4RYG8QNj9mx2uqJjeGF4K7zh3SmJKh4R,btc,onlinewallet,binance;VirtualCurrencyExchange2;VirtualCurrencyExchangeB
1CfrdGWi4XPXFkEHRerQ7tmwFuKPWMzyzW,btc,exchange,binance;VirtualCurrencyExchange2
19aaLsPkiJuFZck7U4mryKFiUg633UJDhm,btc,exchange,binance;VirtualCurrencyExchange2
1MXTmn5nBQ6GLr52AqpM7kdhk5mByvdp8P,btc,exchange,binance;VirtualCurrencyExchange2
1MFVUvYvdkzzzQ65JF5Rv5p1hTUnss3RMe,btc,exchange,binance;VirtualCurrencyExchange2
145tSHbcj1s3CJVMFrGLQZmPyjYQVKWcch,btc,exchange,binance;VirtualCurrencyExchange2
38f8RHFQ8v6avZqCmaYTga5bTYiuhoM6fh,btc,exchange,bitstamp;VirtualCurrencyExchange4
337RfngTLRTpU7RT9sKWQWDdmfcdmWnugi,btc,exchange,xapo;VirtualCurrencyExchange10
1C1EpSwTtWYL3wGSzFozn8UKYDz86nNoVD,btc,exchange,coincola;vce6
17262J1AXJpnVi13PMJXKSfSKztwz8RbV,btc,exchange,cryptonator
14whipLwqHE8LYQKHUim6egLVNp4sjbzT1,btc,exchange,luno.com
1NDyJtNTjmwk5xPNhjgAMu4HDHigtobu1s,btc,exchange,binance
3JkSwgHew9QBsFNufrw4qmMW5mAnQJZXeA,btc,exchange,mercadobitcoin.com.br
1PFQM6D3CFrf7PFtZZAW9YHr55EPsfAsrG,btc,exchange,huobi.com
13MZDNwKWCvyAW3Lqpp3A6q4gNXkB64sUp,btc,exchange,bitbargain.co.uk
1NSbsrEtcqzNxva2f16erAUubTdTjwxmq6,btc,onlinewallet,coinvault
1J5DbUnxn25s5s3ZcM3bzGSuMkgxHSoCCY,btc,exchange,bitcash.cz
19WsmzLuZW25WtvGLmhzVjCcRDf4KAmjYz,btc,exchange,bitcoinica.com
191iQZd1aYxxTNNDYGY4SGBjvvNV4pDZTf,btc,exchange,cryptsy.com
1NBTDZJFpzECeufo3uSDJYtuWsrVr9pb5v,btc,exchange,bitfloor
131oVmmougbyqdzJbBbuH3rZ2H8jnibtew,btc,exchange,zaif
12EEXaA2UZ6RWhB2D1cZhPc4E6fqVoUt5k,btc,onlinewallet,flexcoin
19CrVPsyhvTM431kN5A3xJ5f6ux5gphgF9,btc,exchange,minerscenter.com
1M9SmrPPCvNEKf7guVLCWbYAmctoRTga4x,btc,service,bitcoinica.com
36fnEw56DauvD19et2DMACaJeuD4rBXSbi,btc,exchange,hitbtc
37AaXgskcyjNTR7SYRjMTt6gTNVwY2eRko,btc,exchange,cryptonator
3EFYP3eiRcnjJAraEYxfVuKsUqcEmTGFot,btc,onlinewallet,freewallet
1Kr6QSydW9bFQG1mXiPNNu6WpJGmUa9i1g,btc,exchange,bitfinex
18uKfaUjgG52rVeXEi3wxnveww7zZuECtE,btc,exchange,gatecoin.com
13VEhUy6NL4kupzbZY5Xnq6AbehVGHKNeE,btc,exchange,bitzlato
31jhiEzywLBzdibRYDm8XAp2bZXgfQ7w9S,btc,exchange,remitano
1892agV9enqGNgiKfS57LXbni2cdDSN2CP,btc,exchange,localbitcoins
1rv2sR5G7rcxYXecpCMx6C4yAgtmki3e1,btc,exchange,localbitcoins
13hejvFY71WzJN3yAwcTDZpvAA35a6DruE,btc,exchange,btc-e.com
36qchbixk4JHTE6Ad5dAN33zM9r7Z2MADp,btc,payment-processor,coinpayments
3PZc3rswVzGFhHUZjyBDw9U98cnrbUED8e,btc,exchange,localbitcoins
33SgC3PwZZUqhzsQbpsZajXc5DXJ5eMN7M,btc,exchange,bitstamp
1MmKFFsquLRxDCAcPoWLjC6yJkSzngtwb6,btc,exchange,xzzx.biz
36XWTfSYJJz3WSNPZVZ3q3aa5eFuJHR9nu,btc,exchange,kraken
3QXRK4o7VqiYMR6j2S285ZHWDp11otbMqN,btc,exchange,tradeogre
3CcF942kYVRotGrfYQxD4QNn4aKVywpRxb,btc,exchange,kuna.io
bc1qwfgdjyy95aay2686fn74h6a4nu9eev6np7q4fn204dkj3274frlqrskvx0,btc,exchange,luno.com
17s1SyNXP3vCRPuMa9tfMZTTBw67A3rYPr,btc,exchange,binance
1bonesRuyoUhAAe4a34nRXtzRy6JP3w2P,btc,gambling,bitzillions.com;satoshibones
14Fu4z4EBmX8Lq7H3whG9bUJFLAdBDEevY,btc,gambling,just-dice.com
1Fi57hAqyYYwaQVdA7a9qSKfiukBbt31G3,btc,gambling,betcoin-dice
1E1igiusfEjs1pCaGjEERExE9gYcrFwow7,btc,mining,eligius
1Mining2pfZRiFxGBQ6Jw8YNheUkHhyMfn,btc,mining,slushpool
13R8zZq4pg258fcHfvE67mbuCDMkeDNt86,btc,mixer,bitcoinfog
1HZBd22eQLgbwxjwbCtSjhoPFWxQg8rBd9,btc,username,wot_belcher
1MetaBANKUZ794Lg2YEcp8mYSZQLk5KBAM,btc,username,wot_Metabank;wot_Metabank.ru
1LaFpCKV8RH5kzikPAH5LB65rxTKxkih8x,btc,username,wot_immel;wot_immelspin
1GEo6X9cPYsKDSs9C1Zc9CrVT159HzRDnY,btc,username,wot_BCB;wot_bcb_trade
1KxtFTWq8w7x7wDanYYCTFyww83ok5UYiL,btc,username,wot_crazy57;wot_crazy753
1EtbEcYJ7M9LAoqh96WU99knT5B5gMTsgt,btc,username,wot_forez84;wot_forez
1CS1G3f1DhYtUSFw9MLzVwR5ZohdrRX3ip,btc,username,wot_liamwli;wot_liamwli2
1NphAE4QMnRxnX7Rt1xFY1PJ5KSqXThvum,btc,username,wot_Delirous;wot_DelirousIsAnIdiot
1KsFdYN6MPXFEVen9Ft7XSYNd8CeottvUg,btc,username,wot_blitz-;wot_blitzkraig
1KP9brmuSk4SbaPFxfipRJfewc1zvGo1gj,btc,username,wot_JudeA;wot_Jude_
13gHRQVN1EEEH6hAYgEBMiWMspgixF9WNk,btc,username,wot_djtrey;wot_trey
1N3HHtncmxHqxrMMsNrowFRtqfQ65NtzH6,btc,username,wot_SupaKilla1;wot_SupaKIlla9;wot_SupaKilla10;wot_SupaKilla2;wot_SupaKilla3;wot_SupaKilla5;wot_SupaKilla6;wot_SupaKilla8
1AMENmSJY8wnVJkAv1NW2osyMjYDidPSi1,btc,username,wot_BruntBCA;wot_BruntFCATrade
1QLTQDCpqUF1RUvibhtr8uYsCXT8BJ8Cb7,btc,username,wot_champsys;wot_bitbchampsys
1M5n7ye1gtuAjPKJWtkBCEmAXqgXQP4rGL,btc,username,wot_yazoo;wot_yazoo123
1GV3yBGHSoFFLoRtuYFEoyhh8HmSaCUeLN,btc,username,wot_Quadzilla;wot_godzillakills
1LEZN432Bq6zFcTvPhcbXzXBuJnsL9NkMW,btc,username,wot_xDeathwing;wot_xDeathwingx
13671AiYLnrMRys1VuCbDy93yA5n6tk8Wy,btc,username,wot_Martok;wot_Martok88
1PtzW8jHG33qUgNmqsypx8jkwXHnC7vN5H,btc,username,wot_Lokit2;wot_lokit3
1SiDJGK75ojuqiADzNJBLvsX1o7amWFWR,btc,username,wot_CryptoSiD;wot_SiD``
1u4LuE5kBi9SwUyd5zRxuwzn1f2fp9681,btc,username,wot_ffwacom;wot_ffwacom1
172Cs4sv3KsNSDM4unXYfyQHrRrino2Lr4,btc,username,wot_Dumbledoor;wot_Dumbledore
12F4C6kFj2p515uaXWu5oe8MhRV1zZUqoy,btc,sextortion,aaron-smith
16JP7fKfPCm6yfMwqzis7h9arHwmUKdNCp,btc,sextortion,aaron-smith
15Vnk4P2ubtb5UJpU6VGSvATNp9sxjAPfy,btc,sextortion,aaron-smith
1Ci1u7ymi3S4s4BTFQHpRmpMs1dU5CDDpW,btc,sextortion,bitcoinwhoswho-report
1GYNGZLEUGkkQjHo19dHDnGE87WsAiGLLB,btc,sextortion,bitcoinwhoswho-report
1HjeDCAaEdd5JRDPHVgmLsCC7DsyHhYwM1,btc,sextortion,bitcoinwhoswho-report
1Archive1n2C579dMsAu3iC6tWzuQJz8dN,btc,donation,internet-archive
1L9GdBW65Rt6e8UY69bnWNWomsppFFFR2X,btc,ransomware,jigsaw
15dKqW1oMzo8w7yJYXuRqTKeJExQuHeVwL,btc,ponzi,ponzicoin.co
1E6qZkzbGZHh9hWF4dQcTUdbmsYkvBYPrR,btc,miscabuse,mrpr0gr4mmer
1JWWZFUVAWvFNS2D5qwQQo4oSsseoD9kAn,btc,clipper,phorpiex
1HewcqbrkXY5iqrDqjb4j4AHiaDeobpE6P,btc,clipper,phorpiex
1KXZqR1fjAxcv1gvdmPfN2WsWsDwM7r2R2,btc,clipper,phorpiex
1LaVtKqJatoeAHkHEgp9UF2fJEarEdZPr9,btc,clipper,phorpiex
1Kzhh4nqyjB3MAoQ5uH2Bcdz3qXWpnsMzd,btc,clipper,phorpiex
18qKrmaUXaEgbYEn6yMkGKNcqkYB3mSxNv,btc,clipper,phorpiex
1Bn4JYKoVgQpZ73doWVFSNZBbwKj3cpJNR,btc,clipper,phorpiex
1PkVmYNiT6mobnDgq8M6YLXWqFraW2jdAk,btc,clipper,mekotio
